26015823873	CDK Deploy	completed	success	049c70baf0	2026-05-18T05:44:18Z
26015823853	Deploy Next.js to Cloudflare Pages	completed	success	049c70baf0	2026-05-18T05:44:18Z
26015520234	CDK Deploy	completed	success	9c2b6a0733	2026-05-18T05:34:49Z
26015520241	Deploy Next.js to Cloudflare Pages	completed	success	9c2b6a0733	2026-05-18T05:34:49Z
26015356265	CDK Deploy	completed	success	da200517fb	2026-05-18T05:30:03Z
26015026488	CDK Deploy	completed	success	4039440909	2026-05-18T05:19:50Z
26015026477	Deploy Next.js to Cloudflare Pages	completed	success	4039440909	2026-05-18T05:19:50Z
26010398363	CDK Deploy	completed	success	10a35028e8	2026-05-18T02:32:11Z
26010398341	Deploy Next.js to Cloudflare Pages	completed	success	10a35028e8	2026-05-18T02:32:11Z
26010277892	CDK Deploy	completed	success	e6a3b1f2dd	2026-05-18T02:27:56Z
25995408529	CDK Deploy	completed	success	07f086f37a	2026-05-17T15:47:30Z
25994795154	CDK Deploy	completed	success	3743c32daf	2026-05-17T15:21:50Z
25994795144	Deploy Next.js to Cloudflare Pages	completed	success	3743c32daf	2026-05-17T15:21:50Z
25994017562	CDK Deploy	completed	success	010281b25f	2026-05-17T14:48:19Z
25993310264	CDK Deploy	completed	success	4b93db0046	2026-05-17T14:17:31Z
