CDK Deploy	completed	success	07f086f37a9b0c11677f52ca7a2e406fb4dbf7af	25995408529
Deploy Next.js to Cloudflare Pages	completed	success	3743c32daf95992f9baf18ea1878c32ec27437cd	25994795144
CDK Deploy	completed	success	3743c32daf95992f9baf18ea1878c32ec27437cd	25994795154
CDK Deploy	completed	success	010281b25fc766b8180ca54457321ec172c8ca39	25994017562
CDK Deploy	completed	success	4b93db004698132da94d55dde1938a401068f465	25993310264
CDK Deploy	completed	success	4ca9e3623d3a249aba5ef46b6d13f8dff2aef4e8	25992784995
CDK Deploy	completed	success	1cb6306a0eb143d0ab396613ae496e904fa59a7a	25992041635
CDK Deploy	completed	success	0962cfe958355aa85594efefeb73499ab80de241	25988229244
CDK Deploy	completed	success	23914085b85bf5a71ed4b7cc6f6d010aced8ea59	25988135800
CDK Deploy	completed	success	5bcc0b15ff5bc0a71ec20bea8ecab7287863759f	25987954545
